{
  "IcoMoonType": "selection",
  "icons": [
    {
      "icon": {
        "paths": [
          "M725.4 38.6l-96.8 96.8 260 260 96.8-96.8c50-50 50-131 0-181l-78.8-79c-50-50-131-50-181 0zM583.4 180.6l-466.2 466.4c-20.8 20.8-36 46.6-44.4 74.8l-70.8 240.6c-5 17-0.4 35.2 12 47.6s30.6 17 47.4 12.2l240.6-70.8c28.2-8.4 54-23.6 74.8-44.4l466.6-466.4-260-260z"
        ],
        "attrs": [
          {}
        ],
        "isMulticolor": false,
        "isMulticolor2": false,
        "grid": 0,
        "tags": [
          "pen"
        ]
      },
      "attrs": [
        {}
      ],
      "properties": {
        "order": 15,
        "id": 1,
        "name": "pen",
        "prevSize": 32
      },
      "setIdx": 0,
      "setId": 5,
      "iconIdx": 0
    },
    {
      "icon": {
        "paths": [
          "M270.4 35.4l-14.4 28.6h-192c-35.4 0-64 28.6-64 64s28.6 64 64 64h768c35.4 0 64-28.6 64-64s-28.6-64-64-64h-192l-14.4-28.6c-10.8-21.8-33-35.4-57.2-35.4h-240.8c-24.2 0-46.4 13.6-57.2 35.4zM832 256h-768l42.4 678c3.2 50.6 45.2 90 95.8 90h491.6c50.6 0 92.6-39.4 95.8-90l42.4-678z"
        ],
        "attrs": [
          {}
        ],
        "width": 896,
        "isMulticolor": false,
        "isMulticolor2": false,
        "grid": 0,
        "tags": [
          "trash"
        ]
      },
      "attrs": [
        {}
      ],
      "properties": {
        "order": 16,
        "id": 0,
        "name": "trash",
        "prevSize": 32
      },
      "setIdx": 0,
      "setId": 5,
      "iconIdx": 1
    }
  ],
  "height": 1024,
  "preferences": {
    "showGlyphs": true,
    "showQuickUse": true,
    "showQuickUse2": false,
    "showSVGs": true,
    "fontPref": {
      "prefix": "icon-",
      "metadata": {
        "fontFamily": "icomoon"
      },
      "metrics": {
        "emSize": 1024,
        "baseline": 6.25,
        "whitespace": 50
      },
      "embed": false
    },
    "imagePref": {
      "prefix": "icon-",
      "png": true,
      "useClassSelector": true,
      "color": 0,
      "bgColor": 16777215,
      "classSelector": ".icon",
      "name": "icomoon"
    },
    "historySize": 50,
    "showCodes": true,
    "gridSize": 16
  }
}